{"cameraMode":{"drawMode":0,"name":"Shaded","section":"Shading Mode"},"sceneLighting":false,"audioPlay":false,"sceneViewState":{"showFog":true,"showMaterialUpdate":false,"showSkybox":true,"showFlares":true,"showImageEffects":true,"showParticleSystems":true},"in2DMode":false,"pivot":{"x":-0.8470861911773682,"y":1.3397220373153687,"z":-2.980232238769531e-7},"rotation":{"x":0.1284472793340683,"y":0.6405148506164551,"z":-0.10982517153024674,"w":0.7491198778152466},"size":6.338832855224609,"orthographic":false}