{"cameraMode":{"drawMode":0,"name":"Shaded","section":"Shading Mode"},"sceneLighting":false,"audioPlay":false,"sceneViewState":{"showFog":true,"showMaterialUpdate":false,"showSkybox":true,"showFlares":true,"showImageEffects":true,"showParticleSystems":true},"in2DMode":false,"pivot":{"x":0.19482648372650147,"y":1.4122287034988404,"z":0.9945998191833496},"rotation":{"x":0.4818691909313202,"y":-0.008409221656620503,"z":0.0046248044818639759,"w":0.8761906027793884},"size":34.11196517944336,"orthographic":false}