{"cameraMode":{"drawMode":0,"name":"Shaded","section":"Shading Mode"},"sceneLighting":false,"audioPlay":false,"sceneViewState":{"showFog":true,"showMaterialUpdate":false,"showSkybox":true,"showFlares":true,"showImageEffects":true,"showParticleSystems":true},"in2DMode":false,"pivot":{"x":-1.130000114440918,"y":1.9800000190734864,"z":43.650001525878909},"rotation":{"x":0.15849632024765016,"y":0.4603065550327301,"z":-0.08391035348176956,"w":0.8694572448730469},"size":5.7157673835754398,"orthographic":false}