{"cameraMode":{"drawMode":0,"name":"Shaded","section":"Shading Mode"},"sceneLighting":false,"audioPlay":false,"sceneViewState":{"showFog":true,"showMaterialUpdate":false,"showSkybox":true,"showFlares":true,"showImageEffects":true,"showParticleSystems":true},"in2DMode":false,"pivot":{"x":0.0,"y":1.2079999446868897,"z":1.9980000257492066},"rotation":{"x":0.5365834832191467,"y":-0.006327340379357338,"z":0.004024195019155741,"w":0.843813955783844},"size":1.7147305011749268,"orthographic":false}