{"cameraMode":{"drawMode":0,"name":"Shaded","section":"Shading Mode"},"sceneLighting":false,"audioPlay":false,"sceneViewState":{"showFog":true,"showMaterialUpdate":false,"showSkybox":true,"showFlares":true,"showImageEffects":true,"showParticleSystems":true},"in2DMode":false,"pivot":{"x":-0.7936679720878601,"y":1.7288216352462769,"z":-1.9326171875},"rotation":{"x":0.11724699288606644,"y":0.7153165936470032,"z":-0.12375632673501969,"w":0.6776870489120483},"size":3.4515819549560549,"orthographic":false}