{"cameraMode":{"drawMode":0,"name":"Shaded","section":"Shading Mode"},"sceneLighting":false,"audioPlay":false,"sceneViewState":{"showFog":true,"showMaterialUpdate":false,"showSkybox":true,"showFlares":true,"showImageEffects":true,"showParticleSystems":true},"in2DMode":false,"pivot":{"x":1.462357759475708,"y":1.8811254501342774,"z":3.1742990016937258},"rotation":{"x":0.15677087008953095,"y":0.42117974162101748,"z":-0.07416944205760956,"w":0.8902412056922913},"size":7.2363200187683109,"orthographic":false}