{"cameraMode":{"drawMode":0,"name":"Shaded","section":"Shading Mode"},"sceneLighting":false,"audioPlay":false,"sceneViewState":{"showFog":true,"showMaterialUpdate":false,"showSkybox":true,"showFlares":true,"showImageEffects":true,"showParticleSystems":true},"in2DMode":false,"pivot":{"x":4.260000228881836,"y":1.9800000190734864,"z":43.650001525878909},"rotation":{"x":-0.47201648354530337,"y":-0.019123153761029245,"z":0.010165676474571228,"w":-0.8813236951828003},"size":6.816158771514893,"orthographic":true}