{"cameraMode":{"drawMode":0,"name":"Shaded","section":"Shading Mode"},"sceneLighting":false,"audioPlay":false,"sceneViewState":{"showFog":true,"showMaterialUpdate":false,"showSkybox":true,"showFlares":true,"showImageEffects":true,"showParticleSystems":true},"in2DMode":false,"pivot":{"x":-0.8470861911773682,"y":1.6835052967071534,"z":-2.980232238769531e-7},"rotation":{"x":0.14297783374786378,"y":0.5512882471084595,"z":-0.09656187891960144,"w":0.8162809014320374},"size":5.931303024291992,"orthographic":false}