{"cameraMode":{"drawMode":0,"name":"Shaded","section":"Shading Mode"},"sceneLighting":false,"audioPlay":false,"sceneViewState":{"showFog":true,"showMaterialUpdate":false,"showSkybox":true,"showFlares":true,"showImageEffects":true,"showParticleSystems":true},"in2DMode":false,"pivot":{"x":-8.92514705657959,"y":-4.426486968994141,"z":7.333990097045898},"rotation":{"x":-0.15856525301933289,"y":0.5638552904129028,"z":-0.11136715859174729,"w":-0.8028210401535034},"size":25.760366439819337,"orthographic":false}