{"cameraMode":{"drawMode":0,"name":"Shaded","section":"Shading Mode"},"sceneLighting":false,"audioPlay":false,"sceneViewState":{"showFog":true,"showMaterialUpdate":false,"showSkybox":true,"showFlares":true,"showImageEffects":true,"showParticleSystems":true},"in2DMode":false,"pivot":{"x":0.11603164672851563,"y":0.3463047742843628,"z":2.5403060913085939},"rotation":{"x":0.07812143862247467,"y":0.9103363752365112,"z":-0.20147842168807984,"w":0.35297471284866335},"size":31.883676528930665,"orthographic":false}