{"cameraMode":{"drawMode":0,"name":"Shaded","section":"Shading Mode"},"sceneLighting":false,"audioPlay":false,"sceneViewState":{"showFog":true,"showMaterialUpdate":false,"showSkybox":true,"showFlares":true,"showImageEffects":true,"showParticleSystems":true},"in2DMode":false,"pivot":{"x":0.6899999976158142,"y":0.0,"z":-0.019999999552965165},"rotation":{"x":-0.17167995870113374,"y":0.5160794854164124,"z":-0.10644274204969406,"w":-0.8323808908462524},"size":53.195377349853519,"orthographic":false}