{"cameraMode":{"drawMode":0,"name":"Shaded","section":"Shading Mode"},"sceneLighting":false,"audioPlay":false,"sceneViewState":{"showFog":true,"showMaterialUpdate":false,"showSkybox":true,"showFlares":true,"showImageEffects":true,"showParticleSystems":true},"in2DMode":false,"pivot":{"x":-3.8743019104003908e-7,"y":3.1459996700286867,"z":0.28000134229660036},"rotation":{"x":-0.5403860211372376,"y":-0.00252596870996058,"z":0.001621594768948853,"w":-0.8414119482040405},"size":31.823528289794923,"orthographic":false}