{"cameraMode":{"drawMode":0,"name":"Shaded","section":"Shading Mode"},"sceneLighting":false,"audioPlay":false,"sceneViewState":{"showFog":true,"showMaterialUpdate":false,"showSkybox":true,"showFlares":true,"showImageEffects":true,"showParticleSystems":true},"in2DMode":false,"pivot":{"x":-0.7587502002716065,"y":0.3041543960571289,"z":-0.2540171146392822},"rotation":{"x":0.28227511048316958,"y":0.35032278299331667,"z":-0.11160016804933548,"w":0.886081337928772},"size":6.338832855224609,"orthographic":false}