{"cameraMode":{"drawMode":0,"name":"Shaded","section":"Shading Mode"},"sceneLighting":false,"audioPlay":false,"sceneViewState":{"showFog":true,"showMaterialUpdate":false,"showSkybox":true,"showFlares":true,"showImageEffects":true,"showParticleSystems":true},"in2DMode":false,"pivot":{"x":-0.1432853639125824,"y":1.7018523216247559,"z":1.529999852180481},"rotation":{"x":-0.28039318323135378,"y":-0.364895224571228,"z":0.11624155938625336,"w":-0.8801813125610352},"size":9.84763240814209,"orthographic":false}